{"companyName":"Mottatta","productName":"FarmHeroes","version":"1.0","unityVersion":"2018.3.9f1","webglSettings":{"memorySize":"256","exceptionSupport":"ExplicitlyThrownExceptionsOnly","dataCaching":"True","emscriptenArgs":"","modulesDirectory":"","template":"PROJECT:lol-template","analyzeBuildSize":"False","useEmbeddedResources":"False","threadsSupport":"False","linkerTarget":"Both","compressionFormat":"Gzip","nameFilesAsHashes":"False","debugSymbols":"False"},"dir":["Assets\\Animations","Assets\\Audio","Assets\\Fonts","Assets\\lol-sdk","Assets\\lol-sdk\\Editor","Assets\\lol-sdk\\Plugins","Assets\\lol-sdk\\StreamingAssets","Assets\\lol-sdk\\Utilities","Assets\\Materials","Assets\\PNG","Assets\\Prefabs","Assets\\Scenes","Assets\\Scripts","Assets\\StreamingAssets","Assets\\WebGLTemplates","Assets\\WebGLTemplates\\lol-template","Library\\PackageCache\\com.unity.ads@2.0.8","Library\\PackageCache\\com.unity.analytics@3.2.2","Library\\PackageCache\\com.unity.collab-proxy@1.2.15","Library\\PackageCache\\com.unity.package-manager-ui@2.0.7","Library\\PackageCache\\com.unity.purchasing@2.0.3","Library\\PackageCache\\com.unity.textmeshpro@1.3.0"]}